CustomerID,GeographyKey
17850,1
13047,1
12583,2
13748,1
15100,1
15291,1
14688,1
17809,1
15311,1
14527,1
16098,1
18074,1
17420,1
16029,1
16250,1
12431,3
17511,1
17548,1
13705,1
13747,1
13408,1
13767,1
17924,1
13448,1
15862,1
15513,1
12791,4
16218,1
14045,1
14307,1
17908,1
17920,1
12838,1
13255,1
16583,1
18085,1
13758,1
13694,1
15983,1
14849,1
17968,1
16210,1
17897,1
17377,1
16552,1
17181,1
17951,1
14729,1
12748,1
15012,1
12868,1
17572,1
14078,1
14001,1
12662,5
15525,1
14237,1
17905,1
15485,1
12433,6
16955,1
15350,1
15605,1
18144,1
15922,1
14594,1
15165,1
14911,7
16456,1
17841,1
12472,5
17346,1
17643,1
17873,1
13093,1
12921,1
13468,1
17760,1
16928,1
16048,1
16274,1
14496,1
14696,1
16539,1
17025,1
13777,1
17690,1
12947,1
17460,1
18229,1
14142,1
17069,1
13065,1
14606,1
16835,1
15235,1
13576,1
18011,1
13090,1
15694,1
14741,1
13715,1
14092,1
17732,1
12855,1
15752,1
17855,1
14047,1
17925,1
13941,1
17017,1
14135,1
13108,1
12471,5
15601,1
13418,1
14766,1
15658,1
14388,1
14901,1
18041,1
15955,1
15070,1
16244,1
15111,1
14390,1
16546,1
15260,1
13305,1
14491,1
14060,1
15923,1
16752,1
17287,1
15363,1
12915,1
15544,1
15738,1
16042,1
17381,1
15827,1
14180,1
13117,1
16916,1
17964,1
14466,1
17235,1
16510,1
17802,1
15107,1
17976,1
14449,1
15838,1
16781,1
17547,1
13491,1
16186,1
17685,1
17581,1
15732,1
13138,1
15823,1
17567,1
15061,1
16203,1
15640,1
15574,1
16770,1
17838,1
17228,1
14829,1
17412,1
14031,1
14775,1
12971,1
15834,1
17659,1
15299,1
15646,1
13958,1
14443,1
14156,7
16995,1
13402,1
18168,1
17757,1
14625,1
13011,1
13798,1
15384,1
14264,1
13295,1
16754,1
16634,1
18239,1
14576,1
13145,1
14395,1
14865,1
15093,1
12738,5
16150,1
17552,1
14236,1
17961,1
14573,1
17135,1
17396,1
14213,1
12967,1
12686,2
14679,1
15240,1
18225,1
13370,1
16883,1
13520,8
12841,1
16905,1
12427,5
17967,1
16891,1
14589,1
14680,7
17884,1
12557,1
14083,9
13013,1
14210,1
16477,1
12600,1
16013,5
17949,1
12779,1
16926,10
17787,1
12682,1
14723,2
17954,1
17819,1
12712,1
15373,5
16140,1
17198,1
17238,1
12793,1
15769,11
14396,1
14898,1
12725,1
16725,12
12395,1
16455,13
13081,1
15545,1
17243,1
15465,1
15708,1
13089,1
16033,1
13838,1
15351,1
18055,1
15038,1
18109,1
13069,1
16241,1
14800,1
16839,1
16168,1
16931,1
16814,1
13269,1
14813,1
12567,1
17062,2
15332,1
14810,14
16353,1
18118,1
13831,1
13506,1
17796,1
15716,1
18156,1
15221,1
16983,1
17059,1
16327,1
17211,1
17026,1
15570,1
15880,1
16718,1
15808,1
17858,1
16393,1
14161,1
17863,1
16411,1
16402,1
15023,1
17402,1
15426,1
12647,1
15894,5
15867,1
14506,1
15555,1
13034,1
15889,1
15953,1
16143,1
12720,1
16422,5
12747,1
15502,1
12763,1
14081,15
17965,1
14404,1
13579,1
13174,1
15987,1
17677,1
13652,1
12586,1
17428,12
16161,1
16858,1
18219,1
14293,1
14748,1
16638,1
17674,1
12808,1
13094,11
15899,1
12708,1
15898,5
17691,1
17227,1
15039,1
15919,1
13497,1
15860,1
14189,1
15304,1
14867,1
14344,1
12474,1
16719,5
15048,1
15301,1
14708,1
16898,1
14825,1
18113,1
17596,1
15078,1
14085,1
17860,1
13155,1
15028,1
16919,1
17259,1
17019,1
14487,1
16722,1
15882,1
14667,1
16710,1
16550,1
15984,1
17682,1
16658,1
17068,1
15356,1
17223,1
16817,1
13030,1
17191,1
15194,1
14409,1
16654,1
16861,1
16138,1
13481,1
13495,1
17519,1
17218,1
17812,1
14215,1
15602,1
17320,1
16782,1
12913,1
17869,1
13564,1
14850,1
15021,1
13963,1
17450,1
17091,1
17470,1
17616,1
15649,1
12681,1
14907,2
17735,1
16059,1
17720,1
15018,1
14733,1
13756,1
14176,1
13319,1
15353,1
18119,1
17491,1
14282,1
13569,1
15498,1
14673,1
13488,1
16221,1
15002,1
15965,1
15024,1
17675,1
13769,1
16904,1
16086,1
13786,1
13880,1
13173,1
15858,1
15180,1
12347,1
14739,16
16293,1
17419,1
16775,1
16306,1
16950,1
17591,1
12839,1
13807,1
16125,1
15081,1
18102,1
16365,1
17870,1
14821,1
16863,1
13078,1
13267,1
13050,1
12709,1
15628,5
12386,1
14796,3
16779,1
13599,1
13329,1
18077,1
14744,1
17406,1
15750,1
13983,1
13842,1
12441,1
13199,2
14032,1
17706,1
16081,1
16525,1
14952,1
17975,1
16122,1
13126,1
15973,1
16558,1
16713,1
16893,1
15529,1
18043,1
16016,1
17722,1
17324,1
17341,1
14051,1
15916,1
16233,1
16385,1
15032,1
17213,1
18061,1
13113,1
16553,1
13455,1
14217,1
17262,1
14299,1
18259,1
17676,1
16679,1
18269,1
12766,1
15298,11
18193,1
13523,1
12870,1
15005,1
15581,1
15680,1
13649,1
17894,1
13270,1
14618,1
14866,1
13077,1
13115,1
13531,1
13848,1
13140,1
15713,1
17999,1
15347,1
17340,1
13984,1
15996,1
14030,1
16252,1
16596,1
16700,1
16011,1
17655,1
16717,1
14243,1
12963,1
15079,1
14437,1
12942,1
15660,1
18092,1
15358,1
12481,1
12721,5
12621,2
18071,5
12683,1
12755,2
13854,15
12797,1
13369,11
12494,1
17857,2
17411,1
14932,1
12429,17
14987,18
14355,1
17526,1
14896,1
14440,1
13240,1
14479,1
16065,1
17430,1
16520,1
15945,1
15181,1
15856,1
13102,1
14205,1
17702,1
15271,1
13982,1
15288,1
17978,1
16795,1
16519,1
17816,1
13021,1
16255,1
17671,1
17646,1
12649,1
16350,5
12872,1
17339,1
18230,1
16499,1
17097,1
15192,9
14441,1
15279,1
16579,1
15380,1
17442,1
17950,1
12826,1
17456,1
17307,1
15811,1
13327,1
17700,1
13136,1
15535,1
12605,1
15329,5
15211,1
15596,1
16163,1
16907,1
17576,1
14713,1
14702,1
13230,1
13969,1
17530,1
15805,1
17696,1
17076,1
17827,1
16265,1
17880,1
13000,1
17790,1
12731,1
14419,2
14082,1
17912,1
15723,1
16656,1
14037,1
14256,1
14543,1
16062,1
18116,1
16019,1
18178,1
18065,1
13148,1
12989,1
14107,1
15881,1
12785,1
16727,11
15514,1
13787,1
17865,1
17220,1
16565,1
16873,1
14062,1
15179,1
18016,1
14448,1
15503,1
17251,1
16923,1
14159,1
17126,1
15224,1
14577,1
12753,1
17236,15
17372,1
16367,1
12875,1
17917,1
16010,1
17085,1
13668,1
14684,1
17188,1
15547,1
15998,1
14413,1
18004,1
13959,1
16665,1
15454,1
15044,1
17937,1
14608,1
17618,1
14505,1
18037,1
13198,1
12540,1
13225,9
15361,1
15689,1
14290,1
13209,1
13999,1
14498,1
15854,1
16701,1
16927,1
17990,1
14544,1
17338,1
17231,1
17799,1
14565,1
16726,1
17303,1
14639,1
17611,1
17179,1
17524,1
12476,1
17293,5
17890,1
17375,1
17371,1
17969,1
15159,1
13211,1
15777,1
14525,1
13324,1
13802,1
13948,1
13008,1
14206,1
16202,1
16442,1
18075,1
15468,1
16570,1
14524,1
18141,1
12434,1
16810,3
14961,1
17041,1
16458,1
16083,1
16262,1
17194,1
14057,1
14871,1
13178,1
18044,1
16812,1
16191,1
12370,1
14298,19
17158,1
14415,1
16899,1
16531,1
17404,1
16556,20
16805,1
16503,1
17739,1
13238,1
12829,1
13097,1
12867,1
15392,1
13846,1
14401,1
16145,1
17629,1
14150,1
13496,1
13611,1
16954,1
17454,1
17449,1
17230,1
12865,1
15950,21
15512,1
17525,1
13458,1
14426,1
16003,1
13092,1
13426,1
15101,1
17033,1
13221,1
14201,1
17692,1
15822,1
16134,1
17551,1
18050,1
14913,1
12666,1
15641,22
13124,1
17214,1
15456,1
15062,1
12928,1
15727,1
17980,1
15290,1
17752,1
15615,1
12577,1
17044,2
13829,1
17633,1
13266,1
17820,1
15664,1
17189,1
17496,1
16607,1
13317,1
13890,1
17001,1
15246,1
16996,1
15482,1
16037,1
14841,1
16670,1
16985,1
16705,1
16470,1
14414,1
15563,1
12980,1
16746,1
14878,1
16743,1
17146,1
12877,1
15394,1
14621,1
15379,1
14309,1
17288,1
14709,1
15157,1
17744,1
16316,1
15620,1
15789,1
16560,1
13534,1
17580,1
14777,1
15759,1
14373,1
18176,1
15366,1
14735,1
16271,1
18223,1
15532,1
16816,1
16684,1
14334,1
16945,1
14643,1
15197,1
14220,1
13874,1
18260,1
17848,1
17392,1
12348,1
14985,23
13004,1
14560,1
12931,1
13627,21
12551,1
12782,1
14769,9
15780,11
12417,1
17315,1
16711,13
12726,1
15204,1
17888,2
17007,1
15160,1
14016,1
13033,1
12691,7
13869,1
14146,2
12705,1
16885,1
17913,5
12668,1
14472,1
17358,5
16686,1
18245,1
17343,1
18256,1
16153,1
12377,1
14646,1
12944,8
15312,4
14099,1
14113,1
13104,24
17204,1
13027,1
17621,1
17090,1
14119,1
15527,1
18097,1
15460,1
15034,1
12423,1
12678,1
15208,1
17306,13
14737,2
13029,1
16270,1
13487,1
12515,1
17400,1
17593,1
13953,12
14533,1
12734,1
14944,1
17239,1
14532,2
12383,1
15562,1
15587,1
13922,13
13817,1
12585,1
13165,1
13304,5
13313,5
16875,1
16282,1
12957,1
14462,1
13397,1
13680,1
12483,1
15164,1
17457,1
14732,20
14221,1
14553,1
13253,1
17389,1
12578,1
15841,1
16112,1
13629,12
16600,1
15661,1
16532,1
15266,1
14653,1
16771,1
17585,1
15046,1
13082,1
15464,1
18226,1
18062,1
12415,1
12503,1
17368,1
14258,3
15719,9
13368,1
17634,1
16676,1
16424,1
18283,1
12735,1
13764,1
13656,1
12413,2
14312,1
13280,1
15845,2
16094,1
13187,1
16567,1
14828,1
12530,1
16551,1
16889,1
16473,5
13750,1
12501,1
15607,1
15139,1
12489,5
17707,1
18198,1
12484,2
18179,1
17284,1
13233,9
14889,1
12480,1
14672,1
13593,1
13162,5
13183,1
17095,1
12939,1
15611,1
17114,1
15059,1
16326,1
17128,1
14761,1
17555,1
12651,1
16735,1
16833,1
17800,2
16748,1
14755,1
16549,1
13565,1
15799,1
18032,1
13451,1
14794,1
12539,1
12500,1
18171,1
16279,9
12524,5
17811,1
16850,1
14321,22
15326,5
17849,1
13672,1
14229,1
13107,1
16497,1
16303,1
15281,1
12736,1
13473,1
14320,1
12393,1
17742,2
16351,1
12601,1
13144,3
15346,1
15370,1
12643,5
14295,1
16034,1
17365,1
15189,2
14669,1
18095,1
15518,1
15749,1
14209,1
15569,1
12728,1
17569,1
13784,1
12724,1
13862,2
16791,1
16235,1
14270,2
12665,1
12523,1
16655,1
16359,1
16554,5
12359,2
15939,1
14587,1
14715,1
14185,19
12437,1
14040,1
12652,1
14514,1
15171,2
14167,1
17048,2
17364,1
13284,1
16500,1
12951,1
15835,1
18190,1
13993,1
14114,1
15447,1
16315,1
14978,1
16395,1
15510,1
13614,1
13246,1
15687,1
16493,1
12490,1
12672,1
13385,1
15626,1
12553,2
15213,2
14175,1
18106,1
15033,2
14329,1
16401,1
16206,1
13782,1
12924,1
16593,1
13700,1
13064,1
13048,1
18069,1
13634,1
16843,1
17064,1
17609,1
15673,1
12626,1
14976,1
12388,1
13527,1
15696,5
15316,1
12673,3
15296,1
17988,1
12820,1
13001,5
14101,1
14238,1
17730,1
13929,1
14657,1
13859,1
18212,1
14292,1
13883,1
18233,1
17018,1
14242,1
12356,1
12346,1
13898,1
16948,1
16997,11
12527,1
15395,1
12510,1
13693,1
13263,5
14428,1
12451,9
12422,1
17708,1
14090,1
15606,8
15831,3
13310,1
14916,1
17602,1
14572,1
13502,1
14784,1
15938,1
12637,1
17418,1
14779,1
16321,1
15262,2
17862,1
16892,1
12402,3
17771,1
15422,1
14770,1
16912,13
15174,1
14895,1
12594,1
17504,1
16387,1
12664,1
16618,12
17277,1
14088,1
17094,23
14692,1
12970,1
17889,1
17644,1
17714,1
12916,1
17769,1
14450,1
16085,1
13659,1
15167,1
15443,1
14224,1
13742,1
17673,1
12727,1
14068,1
13068,1
14368,1
15497,2
12559,1
13819,1
14501,1
14782,1
17861,5
14439,1
18161,1
15820,1
18136,1
16660,25
12693,1
12625,1
13396,1
12935,1
16730,5
14541,5
13551,1
12421,1
15797,1
15052,1
14130,26
15222,1
13615,9
13901,1
13158,1
14257,1
15218,1
15110,1
14534,1
15967,1
16757,1
12854,1
13815,1
18008,1
18277,1
14389,1
13703,1
15339,5
12744,1
16222,1
14341,1
13168,1
16943,1
17515,27
17082,1
14248,1
12609,1
13002,1
16133,1
13049,1
14548,1
13405,5
14049,1
16043,1
15812,1
13837,1
17118,1
14616,1
14233,1
17075,1
16714,1
13098,1
17027,1
12591,1
17786,1
16124,1
16409,1
13754,1
15227,12
12997,1
15215,1
16918,1
16882,1
14442,1
16496,1
12764,1
17311,1
15910,1
16949,17
14970,1
14701,28
12645,1
12468,1
16767,1
14738,1
17540,1
14239,5
18125,5
13328,1
15549,1
15864,1
14662,1
17180,1
15057,1
12574,1
13330,1
13552,1
12853,1
13538,1
16755,2
14133,1
16523,1
14659,1
13141,1
15365,1
13707,1
13709,1
17329,1
14805,1
16897,1
15579,1
14595,1
13161,1
15415,1
17431,1
17463,1
14502,1
12528,1
15448,1
17314,1
17373,1
18145,1
14467,5
12908,1
15144,1
14776,1
16403,1
16407,1
17619,1
12778,1
17256,1
17604,1
14006,1
13600,1
15058,4
17147,1
13881,1
16612,1
14627,1
17356,1
12477,1
12836,1
13939,1
16745,1
13606,1
13494,5
12929,1
16419,1
17035,1
15203,1
16515,1
12373,1
18202,1
12775,1
14549,1
15981,1
16110,21
17376,1
13110,4
16716,1
12676,1
15940,1
15971,1
14665,1
14457,1
15589,20
14411,1
17560,1
15226,1
14460,1
16156,1
13728,1
14127,1
16378,1
13894,1
13824,1
18250,1
15270,1
14188,1
18017,1
15421,1
17446,1
12414,1
14798,1
12990,1
12350,1
16992,1
17337,21
16405,1
17071,1
13873,6
17362,1
13394,1
12502,1
16333,1
16030,1
14044,1
13800,1
17672,9
12464,1
13581,1
14540,1
13539,1
15885,1
14497,13
17507,1
13208,1
17334,1
13871,1
16938,1
12754,1
12410,1
17929,1
14778,1
17517,1
17226,15
13137,8
13725,1
13309,1
12842,1
16109,1
17291,1
15090,1
15199,1
13911,1
14194,1
14842,1
13584,1
17105,1
14438,1
12956,1
15781,1
14410,1
14600,1
17302,1
17613,1
13334,1
13955,1
17162,1
17774,1
13809,1
15407,1
15577,1
16332,1
14048,1
14475,19
17859,1
12576,1
15753,1
12599,1
14562,1
16951,1
16998,10
13133,1
17881,2
15843,1
17083,1
15970,1
13590,1
17537,1
12401,1
12462,1
17843,1
13706,1
17940,1
17686,13
14431,9
15809,1
12561,1
14465,1
18093,1
16027,1
12857,1
16425,5
16842,1
15796,1
14555,1
15114,1
15133,1
17705,1
18087,1
12897,1
17512,1
15550,1
14676,1
12505,1
18159,1
14304,1
15638,1
12943,1
13875,12
15406,1
18084,1
17282,1
16434,1
17050,1
13171,1
17472,1
17255,1
16084,1
17667,1
12507,1
14631,1
13381,1
15236,1
13475,1
17829,9
13717,1
13157,1
14644,1
12993,1
17571,29
16979,1
16738,1
15122,1
17612,1
17348,1
13893,1
14035,1
13623,1
14346,1
16431,1
12616,1
16317,1
14935,1
16073,1
14477,1
14760,2
14897,1
15810,17
16509,1
14386,1
12455,1
14530,1
15670,1
12653,1
16126,1
14609,19
13414,1
12823,1
12352,22
12372,1
16494,1
14959,1
16148,1
17422,6
17175,18
18257,1
12362,1
13018,1
13718,1
15382,1
14754,1
13151,13
12654,13
13085,1
15903,1
15785,1
18138,1
14379,1
14211,5
14371,1
13425,1
12852,1
15228,1
13012,1
16182,1
13489,1
12714,1
13904,1
15755,1
13932,1
13799,1
13951,1
16765,2
18172,1
16566,1
12891,1
16466,1
16115,1
14162,1
13301,1
14803,1
13744,1
12988,1
17323,1
12707,1
18094,1
15129,1
17361,1
18155,1
15321,1
13477,2
15065,1
16980,1
15146,1
12365,1
13410,1
13044,1
16441,1
16014,1
14520,1
17994,19
13038,1
17002,1
15722,1
16349,1
16913,1
18114,1
15303,1
12845,1
18188,1
16045,1
16573,1
13421,1
18196,1
13285,1
13184,1
18151,1
13804,1
17499,1
15397,1
14276,1
13453,1
16394,1
17711,1
13865,1
16940,1
14289,1
16208,1
17063,1
13149,1
18068,1
15932,1
16692,1
15590,1
17171,1
18231,1
14004,1
17139,1
14513,1
13118,1
15974,1
17830,1
12565,1
12582,1
14231,1
17867,1
14880,1
15121,1
17117,30
12945,23
18056,1
16072,1
16838,1
15543,1
13751,1
15847,1
13851,1
13501,1
12633,1
13345,1
13870,1
17034,1
16592,1
15712,8
13362,5
14470,1
17388,1
16841,1
13753,1
13666,1
12361,1
14481,1
13792,1
17663,1
13973,1
15990,1
13493,13
13684,1
13261,1
16598,1
14147,1
15951,1
13971,8
17516,1
13630,1
14157,1
13636,1
13610,1
14745,1
12781,1
14036,1
16057,1
15724,1
12458,1
12598,1
13675,31
14227,1
16668,1
16667,1
13509,8
15874,2
16187,1
16339,1
12509,1
14046,1
13292,1
16427,1
14056,1
15656,1
12811,2
16518,1
17165,1
17462,1
14620,1
14740,1
16462,11
12428,1
16078,1
16915,1
15676,1
15709,1
15241,1
12933,23
15092,1
12679,1
15319,1
16212,1
15257,1
14656,1
13884,1
12866,2
13166,1
16389,1
15416,1
15733,1
16678,1
12834,13
13722,1
14934,1
15067,1
16128,1
17770,1
15622,1
14473,1
15104,17
15643,1
16792,1
15031,1
15636,1
12873,1
17923,1
16217,1
17738,1
17426,1
16957,1
16571,1
14483,1
15087,1
16709,1
17856,1
15053,1
18218,1
16159,1
17995,1
17374,1
17789,1
17416,1
17652,1
13476,1
12817,1
15393,1
13014,1
17508,1
13931,1
12541,1
13382,21
15220,1
14570,1
14447,25
13557,1
16449,9
12547,1
17325,1
14995,1
16414,1
15681,1
14670,1
15675,9
12584,1
17535,1
15400,1
14903,1
14499,1
18211,1
14504,12
15572,1
17107,1
14247,1
15554,1
14915,1
16136,1
18280,1
12614,1
13344,1
16621,1
16225,1
14214,1
14012,1
16356,5
17654,1
15026,1
16517,1
14817,1
17092,1
16242,1
15869,1
17817,1
15234,1
15764,1
15806,1
15819,1
14586,1
15944,1
13340,1
16917,1
14407,1
13908,1
12758,1
13975,1
14730,1
12623,1
14367,1
13373,1
16712,11
17639,1
16426,1
16495,5
14336,1
14507,1
12759,1
17049,1
15206,1
14013,1
14645,1
15071,1
14112,4
13026,1
12881,1
17864,1
14936,1
17138,1
16572,1
14165,1
15367,1
14291,1
15632,17
14297,1
13899,1
16471,1
18183,1
14603,1
18173,1
14854,1
16625,1
14064,1
15308,1
18086,1
14350,1
14930,1
16080,1
14727,1
16778,1
14077,1
16808,1
16475,17
13265,1
12520,1
15049,1
18149,1
13654,1
16652,1
16766,1
16801,5
17164,1
13226,1
13043,1
14352,1
17351,1
16768,1
16693,1
13956,1
13708,1
15918,1
15671,1
14962,1
16807,1
15125,1
16871,1
12901,1
13452,1
15493,1
16005,1
15388,1
16804,1
13499,1
15047,1
14193,1
17542,1
17080,32
16392,1
15106,1
16214,1
13716,1
15150,1
16061,1
14226,1
13121,1
16297,1
12994,1
16152,1
14636,1
16040,1
15793,1
13358,1
12849,1
15182,1
13299,1
16383,1
15381,1
12597,1
15030,1
12435,1
12955,1
18189,1
13946,1
17716,9
13185,1
14840,18
13216,1
13650,1
13533,1
13268,1
15433,1
12937,1
17603,1
16216,1
16377,1
16976,1
12514,1
18210,1
13631,1
14422,1
15648,1
17725,1
15861,12
13072,1
15695,1
14110,1
14059,1
16672,1
16511,1
16256,1
13591,1
14066,1
15483,1
16626,1
15019,1
18270,1
14315,1
17921,1
14041,1
17060,1
16023,1
17133,1
12878,1
14155,1
17043,1
13046,1
14633,1
12948,1
15703,1
14071,1
17134,1
17795,1
12902,1
16444,1
14232,1
14693,1
12407,1
16728,1
16096,1
13985,1
13592,1
15140,1
12843,13
14408,1
15408,1
15445,1
15452,1
14223,1
16619,1
14762,1
13934,1
15669,1
16384,1
18224,1
14245,1
17678,1
15855,1
16036,1
17763,1
13262,1
17152,1
14632,1
13900,1
14875,1
15132,1
17272,1
16135,1
12831,1
15437,1
16809,1
14711,1
14377,1
16374,1
13196,1
15457,1
12613,1
16721,1
12399,1
17733,1
17102,1
15410,1
13239,5
15449,1
14870,13
13821,1
17096,1
12604,1
12818,1
18191,1
14461,1
13132,1
16859,1
15245,2
17486,21
16308,1
12564,1
14607,1
13249,1
15644,1
14075,1
17250,1
17966,2
14129,1
15651,1
13035,1
13341,1
13512,1
16620,1
17698,1
14267,1
13736,1
16022,1
14235,1
16769,1
17754,1
12408,1
16063,1
15178,1
14348,1
15815,1
13695,1
17979,13
13139,1
12545,1
14758,1
14536,1
13662,1
17946,1
13743,1
18078,9
16780,1
18273,1
15045,1
17625,1
13357,1
16777,1
14476,1
16245,1
12669,1
12792,1
17765,1
15083,1
18010,1
15249,1
13760,2
15624,11
17749,1
15068,1
14538,1
14851,1
14021,1
13037,1
18177,1
14128,1
17874,1
17719,1
17931,1
13803,1
17398,1
15906,1
16253,1
13439,1
12888,1
13588,1
12456,1
15521,1
13720,1
15674,1
17594,1
17775,1
13988,8
16657,1
15424,1
13316,1
16788,1
16584,1
15364,1
18108,1
14272,1
15980,1
15832,1
16092,1
15528,1
16398,1
17088,1
17438,1
13060,1
14790,1
14890,1
16386,1
14818,1
13571,1
12909,1
12619,1
16698,1
16681,1
13573,1
14957,1
13918,1
17212,5
17781,1
14886,1
13626,1
16609,1
16180,1
13462,1
18263,1
16960,1
13841,1
17701,1
12949,1
14852,1
12569,1
13169,1
16162,1
15691,1
14195,1
13781,1
17758,5
14023,1
17669,1
16142,1
17648,1
13059,1
16224,1
15223,1
17886,1
13294,1
15289,1
18185,1
17956,1
15756,1
14747,1
14719,1
13015,1
16586,1
16105,1
14546,1
15442,1
16906,1
14535,1
16170,1
15244,1
16696,1
15145,1
17492,1
13525,1
17409,1
17783,1
13863,1
13515,1
15917,1
17440,1
17045,1
17140,1
15201,1
14964,1
16031,1
14403,1
17042,1
13771,1
17906,1
18272,1
16144,1
13731,1
12580,1
14912,1
15530,1
13950,1
13752,1
13892,1
14446,5
16209,12
15754,1
13712,1
15800,1
16469,1
13005,1
14981,1
17928,1
16261,1
17883,1
14619,1
13995,1
16643,1
14246,1
18040,1
16837,1
15119,1
16325,1
14924,1
15109,1
16623,1
12999,1
12717,1
13962,1
18036,1
14958,1
13562,1
15775,1
17054,25
17268,1
13548,1
13508,1
12447,1
13570,1
13232,1
18129,1
13632,1
15665,1
17550,13
15655,1
14286,1
16188,1
12656,1
15214,1
17574,1
15737,1
18080,1
14311,1
14339,2
12982,1
12701,1
12596,1
14273,1
12363,1
13549,1
15414,1
13203,5
14628,9
14326,1
15935,33
13655,1
12910,1
13577,1
15251,1
14111,1
17160,1
16172,1
17972,1
12463,1
14844,1
17278,1
15212,1
16729,1
14998,1
13484,13
16697,1
14931,1
18236,1
13740,1
16454,1
15230,1
15134,1
16309,17
13544,1
14262,1
13134,1
17589,1
16097,1
13122,1
16966,1
17746,1
16175,1
14834,1
16348,1
15147,1
16131,1
15813,1
17058,1
17704,1
16933,1
13772,1
16249,1
14198,1
13989,1
17930,1
14154,1
14482,1
14163,1
14105,1
17601,1
17142,1
13811,1
12457,1
15135,1
16806,1
13952,1
13120,1
12769,5
13516,8
14323,1
18079,1
12639,1
14700,1
15027,34
17367,1
18213,1
17029,1
13220,20
15985,1
16193,1
15172,1
13692,1
15745,1
17582,1
13474,1
17697,1
16639,1
16947,1
15491,1
16617,1
15265,1
16226,1
18009,1
16399,1
14623,1
15625,1
18064,1
15508,1
16628,1
13647,1
15594,1
13479,1
13735,1
13376,1
15717,1
13719,1
16633,1
13101,1
15225,1
14152,1
12733,1
15436,1
17217,1
17734,1
14905,1
14148,1
16103,35
14626,1
14868,1
18246,1
13485,1
15517,1
17115,1
17120,1
16611,1
15912,1
12506,1
12670,1
17588,1
14759,1
16185,1
13505,1
13389,2
12354,2
17631,1
17061,1
17718,1
17630,8
13223,1
16146,9
17109,1
16587,1
12622,1
16750,1
13482,1
14512,1
17670,1
16834,1
15108,5
16942,1
14640,1
16823,1
15237,1
12573,1
17854,36
18220,21
17436,1
16965,1
12840,1
15891,1
17187,2
13637,1
17991,1
16418,1
16099,1
15768,1
16637,1
14240,1
15143,1
13229,1
14973,1
14271,1
15952,1
16227,1
17893,1
14022,1
15210,1
16370,1
15376,1
14655,1
17615,9
16055,1
14149,1
17501,1
14191,1
13282,1
15582,1
16230,1
18146,1
15976,1
17443,1
12886,1
17974,1
13524,1
17955,1
15128,1
16610,1
17394,1
14173,32
16258,1
14948,1
17384,1
16990,1
13762,1
12593,1
14340,1
17429,1
13711,1
14515,1
16457,1
17527,1
14199,1
13888,2
14423,1
14697,1
17522,1
13867,1
17624,1
14393,1
17578,1
13450,1
17423,1
18241,1
15668,1
16319,1
15757,1
17174,1
13365,1
18227,1
14145,1
18235,1
13741,1
12394,1
16832,1
15258,1
15552,1
18170,1
13723,1
14005,1
15561,1
16121,13
18142,1
13642,1
15117,1
13561,1
15704,1
16007,1
16232,1
17410,1
13835,1
13427,1
14353,1
12700,1
13003,1
16756,1
13492,1
16440,1
18120,1
12355,1
17723,1
14699,2
12821,1
13055,1
13320,8
16357,1
18242,1
15865,24
17597,1
14397,1
13242,1
12684,1
14288,1
15063,1
12592,1
14591,1
13990,1
12749,1
16320,1
14691,2
16229,1
14920,1
17489,5
13404,1
15729,1
16644,1
14731,33
14277,1
15187,1
13052,1
18133,1
17664,1
14649,1
13235,1
14883,1
12976,2
14681,1
14421,1
16116,1
14988,1
15489,1
14364,1
16006,1
16184,1
17932,1
18221,1
12590,1
14853,1
17658,1
17764,1
14651,1
14000,1
13601,1
12757,1
17970,5
12770,1
15826,1
15907,1
12695,1
14342,1
14873,1
14689,11
15440,1
16076,15
15333,1
16283,1
17263,2
16877,1
12674,1
16642,1
12871,1
14038,1
14489,1
14888,1
17190,1
13456,1
17898,2
13976,1
16139,1
15730,1
16266,1
15123,1
17505,1
12690,1
16446,1
17556,1
14583,1
16818,1
13572,1
14009,1
13258,1
14463,2
13192,1
16987,1
13417,1
17047,1
15116,1
17469,1
16647,1
15630,1
17245,1
16008,1
17871,1
13529,1
12620,1
15599,1
16813,1
14859,1
16463,1
15791,1
13658,1
13887,1
12353,2
14551,1
17166,1
17926,33
13391,1
17455,1
13308,1
13856,1
13243,1
15095,24
18048,1
18287,1
18150,1
16690,1
13555,1
16038,1
13972,1
13227,1
13657,1
17176,1
14837,1
14682,1
14921,1
16341,1
14647,1
12710,1
15292,1
15705,1
13339,1
13885,1
12360,1
13546,1
17715,1
18160,1
15434,5
15734,1
13737,1
13213,1
18018,1
15314,21
17521,1
15042,1
12863,1
16091,1
15804,1
14593,1
14287,1
16763,1
14705,1
12562,1
12815,1
14522,1
16448,1
14584,1
12974,1
12987,1
14816,1
15852,1
16624,2
12493,10
18232,1
18073,1
16369,1
14280,1
13135,1
17345,1
16275,1
14338,1
15402,2
12876,1
16323,1
12426,1
14451,1
14823,1
15897,1
17051,1
15925,1
12787,1
15863,13
16483,1
13398,5
13070,1
14819,1
12790,1
15163,1
18204,1
15124,4
12473,1
16969,1
14597,1
13917,1
13062,1
16484,4
15184,1
18135,1
14453,1
17900,5
13437,1
12517,1
16529,1
17531,1
16239,1
14500,1
16117,1
13248,1
16967,1
15405,1
16659,5
16880,1
13435,1
13131,1
14891,1
16682,9
15453,1
16963,1
13682,1
15152,1
15462,1
12449,1
15349,1
16849,1
12802,1
15073,1
16298,1
12535,1
18248,1
15386,1
17252,1
14542,13
16825,1
12380,1
18072,4
13643,1
15969,1
13283,2
17015,1
14375,1
17124,1
17987,1
13395,1
17828,13
15743,1
17414,1
14622,1
15609,1
14561,1
16872,1
16358,1
15238,1
13466,1
17360,37
13510,1
12406,1
14241,1
14132,1
14963,1
17169,1
15252,1
17731,1
16113,1
12694,1
16107,1
17483,18
15679,1
13686,1
16581,1
15267,1
17234,1
17797,1
16614,1
12409,2
15411,1
14178,1
15098,1
18281,1
14984,1
12516,1
17265,1
13617,1
17242,1
17289,8
16018,1
14704,1
16794,1
13761,1
13517,1
13936,5
16342,1
14177,1
12732,1
16205,1
15036,1
13589,1
17579,1
15069,1
17349,1
13080,1
13663,1
14503,1
16774,2
13384,1
17101,1
14997,1
17155,1
12809,1
16461,1
13343,1
12624,1
18165,1
17536,1
16324,1
17651,1
14222,1
15585,1
17490,11
16739,1
16276,1
17193,2
16257,1
14285,1
17642,2
12816,1
13826,1
13575,1
17157,1
16852,1
15219,1
15014,1
14765,1
16869,1
15909,1
13618,1
16050,10
17879,1
17562,1
15334,1
12450,1
13568,1
14820,1
16744,1
15700,1
17299,1
12837,1
15076,1
17444,1
15921,1
15747,1
15840,9
15016,1
14808,1
12904,1
15825,1
12432,1
15389,1
15280,1
17159,32
12830,1
15507,1
18252,1
16526,1
17695,1
12930,1
14960,1
12444,6
17960,1
15412,1
13763,1
12798,1
13849,1
16114,1
13420,1
13780,1
17877,1
16247,1
15041,6
12379,1
16287,1
12919,1
15130,15
12704,1
17370,1
17709,1
15253,1
13300,1
17759,1
12465,1
12412,13
12697,1
13937,1
12615,1
15850,23
15186,1
13791,1
14795,1
17768,1
18112,1
12548,13
17386,18
14104,20
17110,1
13895,8
16545,2
16671,1
14351,1
17391,1
16824,1
17750,1
16200,1
17997,9
14383,1
13461,1
17408,1
15537,1
14327,1
17837,1
12424,1
15578,1
15584,1
13745,1
16498,1
17891,1
17123,1
16866,1
13730,1
16589,1
12922,1
16009,1
14053,3
17939,1
17312,1
13833,1
17899,1
15007,1
17464,1
18265,1
16344,1
13338,1
17024,1
14034,1
18203,1
16616,1
16338,1
17046,1
13109,1
16829,1
13217,1
14002,1
12977,1
13291,1
13583,1
16929,1
17892,1
15505,1
14459,1
18013,1
13681,1
13699,1
14493,1
13486,1
13302,1
16012,1
12635,1
17031,1
12461,1
12648,1
18121,1
15901,1
14918,1
15920,1
17353,1
18024,1
15467,1
16174,1
13678,5
14690,1
13058,8
14552,5
12556,1
13224,1
16989,1
12358,1
13207,1
18122,1
12722,1
17405,1
13311,1
15051,1
15895,1
15795,1
13669,9
16450,1
13667,1
14400,21
12405,1
14265,1
14847,2
14862,1
16488,1
15256,1
14716,1
13933,1
14857,1
15306,1
15839,1
13994,1
17554,23
14332,33
17266,1
17948,1
15004,1
14722,1
13507,1
13967,1
16054,1
12833,1
16474,1
17984,1
12589,1
17448,1
16762,1
15369,1
13154,1
13940,1
14029,1
14117,1
13167,8
17779,1
13991,1
18101,1
17065,1
13827,2
12560,1
16764,1
18180,1
12521,1
17866,1
15802,1
17229,1
14456,1
16464,1
17962,1
16149,1
14259,1
18143,1
17935,5
14517,1
17694,1
17660,5
16041,1
15623,1
15829,1
15232,1
12438,1
12627,1
13079,1
18262,1
13563,1
15506,1
16305,1
12864,1
17724,1
17703,1
13116,1
14019,1
17649,1
16178,6
17040,5
14100,1
16557,1
13296,1
13814,1
16364,1
17693,1
15372,1
15618,1
13930,1
13379,1
13194,1
16447,1
14305,1
12397,1
14331,1
15261,1
15105,5
13813,1
18268,1
14855,1
13925,1
18237,1
12453,1
15639,1
15118,1
15746,1
12743,13
15942,1
14143,1
15120,1
16147,5
13277,1
18127,1
15149,1
18081,1
14511,21
12716,1
15776,1
12981,1
13106,33
13928,1
14885,1
13388,1
15438,1
17173,1
17941,1
14947,1
17053,1
12534,1
12844,2
14567,1
14937,1
12828,1
16984,1
13023,1
17553,1
13075,1
15342,1
12644,1
12378,1
17788,1
13850,5
14076,1
13805,1
17887,17
13186,1
12750,1
15374,1
17656,1
16102,1
15089,1
14972,5
17514,8
12917,1
12689,1
14768,1
17584,1
15254,1
18099,1
15205,10
13218,1
17267,1
16302,1
13513,1
14720,1
18282,1
12610,1
13200,2
14079,1
17298,1
14024,1
16066,1
15198,1
12885,1
17331,1
13016,1
13500,1
15247,1
13355,1
16053,12
13919,1
12384,1
16292,1
12571,1
14116,1
14495,1
15494,1
15608,1
17248,1
17653,1
13645,1
15469,1
13307,1
12381,18
17122,8
14406,1
15683,2
14301,1
14658,1
13621,1
16272,1
17958,1
16836,1
16961,1
16902,1
15706,1
15480,6
15315,1
15653,1
13159,1
13189,1
17637,1
12641,1
13470,1
15786,1
15541,1
16734,1
16706,1
17070,1
12688,37
12729,1
12962,1
13273,1
17736,1
15472,1
12680,20
16582,1
17747,1
12513,1
15396,1
12418,1
16828,1
14712,22
12991,2
14772,1
12364,1
12968,1
16330,1
14566,2
15701,1
12518,1
14529,2
16536,1
15313,8
15801,1
16201,1
16555,1
16952,1
14387,13
17073,1
18147,1
14523,17
14418,1
12642,5
16968,1
16723,1
13411,1
16340,1
13236,1
14196,1
15263,1
14314,1
16093,1
17844,1
14687,1
14050,1
16429,5
14055,1
12715,1
15663,1
18200,1
18167,1
13644,1
17451,1
16641,1
13812,1
14141,32
15074,1
12492,1
17183,1
15325,1
13778,20
14869,1
14096,1
14108,1
12814,1
15866,1
14660,1
13726,5
15690,1
17777,1
16278,5
13276,1
12436,1
13147,1
13045,1
13099,1
12739,1
14420,10
14436,1
18027,1
12794,1
12832,1
16674,1
12375,1
16173,1
14171,6
13434,1
16761,1
14067,1
13808,29
12851,1
14335,1
14965,1
15136,11
16629,1
18261,1
15307,23
16820,1
17309,1
13949,1
14360,1
16400,1
14208,1
12526,1
13130,5
13210,1
17481,1
12685,1
17573,1
14452,1
13889,1
15488,1
18222,1
13244,1
17004,1
13441,1
13823,5
12879,1
16603,1
14824,1
16910,2
15652,1
16362,1
15035,1
14508,1
13272,1
17317,1
14212,1
13372,1
18255,1
14250,1
16796,1
14432,1
15782,1
12883,1
12965,1
15533,1
18215,1
18158,1
13375,1
13431,1
16211,1
12884,1
16141,1
17919,1
16360,1
17433,1
13704,1
14020,1
14359,1
16451,1
12940,1
15216,1
15522,1
17037,1
12822,1
15343,1
14753,1
16959,1
18251,1
13032,1
12895,1
17640,1
13860,1
12756,1
18001,1
17728,1
15933,1
14284,1
17347,1
15103,1
15707,1
13430,1
12566,1
13321,1
13877,1
15272,1
15322,15
17333,1
13518,1
14306,1
17679,1
16160,1
15573,1
14894,1
17434,1
15466,5
15511,1
17846,1
16189,1
15417,1
12995,1
14557,1
16108,1
17144,1
16924,1
15099,1
13323,1
14124,1
15975,1
15523,1
16878,1
15947,1
13247,1
13566,1
18194,1
16689,1
16438,1
13067,1
16460,1
13325,1
12640,1
13774,1
12497,1
12752,1
15504,1
15500,1
17557,1
13228,1
14356,1
13416,1
17628,1
16527,19
16428,1
15341,1
16215,2
14164,1
15888,5
17564,6
13356,1
12390,1
18228,1
17415,1
13350,1
12550,1
16627,1
17475,1
14951,1
14780,1
14887,1
15399,1
17466,1
16379,1
17172,1
15239,13
16213,1
15603,1
14261,1
12657,9
15571,1
15484,1
12936,1
16236,1
16669,1
15398,1
12906,1
17079,1
14125,1
17163,1
12952,1
12579,1
13279,1
12425,2
16715,1
13519,1
12546,1
15744,1
13127,1
15714,1
17480,1
15763,1
15075,1
16978,1
14014,1
16240,2
13336,1
14652,11
15807,1
15762,1
15475,9
15978,1
16485,1
12488,1
13083,1
16169,1
17506,1
16480,1
17006,1
17498,1
17131,1
13536,1
15429,1
17154,1
16594,1
16049,1
14757,1
16198,2
13670,1
18066,1
14806,1
12783,1
13429,1
15154,1
13390,1
12925,1
13927,1
18205,1
14908,1
13639,1
15958,1
15492,1
15243,1
16468,1
15344,1
13866,11
12612,1
16999,1
13514,1
13314,1
17805,1
18278,1
13979,1
16181,1
15568,1
16354,1
14412,1
16119,1
14109,1
16157,1
15348,5
16281,1
13924,1
14434,1
13061,1
17513,1
16909,1
16650,1
18192,1
17447,1
17427,1
15175,1
13960,1
17528,1
16361,1
13886,1
13354,1
15050,1
13503,1
16653,1
16574,1
13759,1
17813,1
12718,1
15949,1
12703,1
13364,1
16268,1
18053,1
16101,1
15565,1
18217,1
13954,1
15593,1
13095,1
15287,1
13347,1
15185,2
16404,1
16613,5
16591,1
15774,1
13558,1
16930,1
16533,1
18059,1
14488,1
16747,1
14333,1
13635,1
17330,1
17321,1
14815,1
15091,1
15088,1
15930,1
16183,1
13297,1
13801,1
16881,1
17014,1
15255,1
14184,1
13351,1
15739,1
12512,1
17957,1
15276,1
15127,1
16106,1
17666,1
13483,1
16478,1
17382,1
12789,1
16020,1
17222,1
16803,1
13947,1
16758,22
12719,1
17647,1
14054,1
12723,1
18033,1
13845,1
15837,1
12628,1
13177,4
14317,1
16295,1
13602,1
16895,1
17295,1
13504,2
13422,1
15264,1
16432,2
13816,1
14518,1
13882,1
15937,5
12923,1
17453,1
15766,1
15300,1
13348,1
14592,1
14792,1
17030,1
12420,1
14427,1
12519,5
13359,1
14138,1
15297,1
13876,1
12740,1
17086,1
13806,1
18096,1
13587,1
12856,1
13419,18
17509,1
16900,19
13689,1
13755,5
16104,1
13259,1
16248,1
15612,1
15787,2
16595,1
13260,1
15821,1
18088,1
16685,1
13193,1
13212,1
14801,1
16380,1
16921,1
15193,1
14027,1
16179,1
15473,1
17425,1
18169,1
18126,1
16688,1
16982,1
15330,1
17186,1
13685,1
16776,1
13980,1
13352,1
15553,1
15886,1
17203,1
12607,1
17459,1
12772,1
16561,1
14121,1
12371,1
17119,1
17620,1
12824,1
14710,1
16120,1
14624,1
16171,1
12536,1
13690,1
17934,35
14642,1
12602,11
16753,1
17737,1
13464,8
12667,1
12498,1
14537,1
17279,1
14251,1
12446,1
12631,1
14234,2
14975,1
13853,1
16773,1
16430,2
16793,1
18130,1
17614,1
13858,23
14856,5
14089,1
15478,1
16413,1
13810,38
16416,23
13006,1
17986,1
12454,1
14910,1
16243,1
13878,1
16934,1
15994,1
14547,1
16052,1
15113,1
12475,1
16542,1
18042,5
16563,1
17201,1
17520,1
13923,9
16412,1
17205,1
17534,1
15335,1
16737,1
15066,1
17206,1
17785,1
16932,5
16363,1
14830,1
17244,1
15355,1
15598,1
15637,1
16848,1
15678,1
14015,1
13594,1
15327,1
14861,1
14554,1
12611,1
14179,1
15604,1
14381,1
12572,1
16123,1
16851,1
17148,1
17549,1
17973,1
15610,1
15853,1
18019,1
14698,1
16826,1
17824,12
12522,1
15803,1
15006,1
17350,5
14799,1
15814,1
16260,1
14638,1
17354,1
13245,1
14923,1
16177,1
13366,1
16284,1
16846,1
14484,5
13897,1
14585,1
17125,1
15836,1
16313,1
13460,1
12403,1
14967,1
15286,1
17832,1
12646,1
16015,1
16311,1
15728,1
15740,1
13974,1
15677,1
15000,1
16017,1
13471,1
13598,1
18005,18
15427,1
15022,1
17111,1
17836,35
14629,1
15592,1
15277,1
16491,1
15516,1
14764,1
16742,1
15142,1
17344,1
18240,1
17081,1
14474,1
14139,1
15844,1
13176,1
12398,1
15345,1
16708,1
15963,1
18045,1
13182,1
15158,1
13028,1
13978,1
16056,1
12812,1
16071,1
14539,1
14550,1
17712,1
14102,8
14598,1
15320,1
16415,1
12448,1
12827,1
16345,11
15993,1
17895,1
15948,1
15659,1
18154,15
12630,1
13363,1
18276,1
17684,1
17878,1
14752,1
16847,1
14971,1
17545,9
16026,1
16513,1
12430,1
14357,1
16855,1
16680,1
18035,1
16648,23
16164,1
14218,1
15096,1
18030,1
14416,1
17839,1
16601,1
12912,1
13278,1
14582,1
15748,6
16079,1
17590,1
15054,1
14158,1
15385,1
16506,1
13822,1
18067,1
16190,1
15444,1
13607,1
12581,1
15360,1
13103,1
15667,1
13651,1
12552,1
16127,1
12588,1
15977,1
13697,1
14345,1
17503,1
16830,1
17495,1
12491,1
14485,1
13868,5
15423,1
17668,1
16971,1
16352,1
16884,12
15830,1
14216,23
15275,1
16790,1
15576,1
18105,1
18164,1
14974,1
17947,2
13318,1
18104,1
13271,1
17595,1
14528,1
17432,1
16337,1
14098,1
15551,1
16347,1
13721,1
16322,1
17403,1
16914,1
16602,1
12544,1
13914,1
13467,1
17221,1
17078,1
13447,1
15010,1
18022,1
16318,1
17274,1
15597,1
17233,1
16887,1
13938,1
17084,1
14882,1
15017,9
12882,1
17387,1
13727,1
13532,1
16445,1
15156,1
16372,1
17608,1
12638,1
14174,1
14039,1
13040,1
15883,1
14664,1
15526,1
17831,1
15025,1
12357,1
17761,1
15870,1
14080,1
17623,1
13673,1
14073,1
16070,20
13066,1
14929,1
13710,1
16732,1
14140,1
17219,1
16505,1
15957,1
18123,8
15043,1
17313,1
18216,1
17022,1
15153,1
16759,1
16751,1
12893,1
14836,1
17011,1
12532,1
17038,1
14968,1
12504,1
16516,1
13522,1
15986,1
13992,1
14354,1
16986,1
16953,1
18274,1
15450,1
15531,1
17500,1
17197,1
16025,2
12659,1
17461,1
17791,5
15463,1
17977,1
12617,1
14863,1
16903,1
12508,1
17502,1
12538,1
17901,1
14789,1
18209,1
12985,1
15557,1
16433,2
15692,1
17052,1
16368,1
18014,1
13732,2
13091,1
14661,1
13170,2
15654,1
13146,9
14788,1
13603,1
14382,1
16720,1
14904,1
14494,1
14902,1
16936,1
12938,1
15168,1
17538,1
18082,1
18117,1
15458,1
17566,1
16207,1
12762,1
17793,1
14953,1
16504,1
12374,1
15009,1
16423,1
15419,1
17510,1
15758,1
15524,1
14725,1
14666,1
14714,1
17153,1
12950,1
15720,11
18181,1
15556,1
17357,1
12890,21
13449,1
15269,1
14385,1
15900,1
17680,1
13926,1
16204,1
17896,1
17835,1
15432,1
18006,1
15657,1
17237,1
13160,1
12847,1
17397,1
17985,1
14362,1
13828,1
15435,1
12445,1
12603,1
14641,1
12618,1
15621,1
12391,1
18034,1
17286,1
17904,1
17301,1
15368,1
14793,1
17650,1
12702,1
14881,1
16784,1
14052,9
18110,5
17561,1
15988,12
17523,1
14950,19
16666,1
14860,1
17636,1
13832,1
13142,1
16366,1
14300,1
12349,5
12658,1
12795,1
15567,1
15645,1
16406,1
15857,1
12984,1
17253,1
13739,1
18139,1
15274,1
17010,1
15115,1
17100,1
15699,1
13403,12
16956,5
17600,11
15877,1
14424,1
13322,1
17297,1
13986,1
12920,1
18249,1
15634,1
16376,1
16811,1
12452,1
14581,1
14675,1
17290,1
16343,1
13638,1
16482,1
12784,1
17458,1
14785,1
17254,1
17767,1
15725,1
17247,1
18184,1
15428,1
17727,8
14756,1
16856,1
14703,1
17385,1
12531,1
15872,1
14966,11
17232,1
17468,1
13332,1
14946,1
13256,1
13596,1
16024,1
14954,1
17885,1
14093,1
14893,1
15721,1
17852,1
13844,5
12479,1
12660,1
15540,1
17379,1
16800,1
17806,1
17359,1
13188,1
14480,1
13349,1
15619,1
15148,1
14601,1
15783,1
17772,1
14126,1
16479,5
13428,2
15790,1
13521,1
14349,1
18058,1
12953,1
12966,1
15060,1
17911,1
14804,1
15904,1
16789,1
12558,1
17942,1
12587,1
13560,1
15539,1
13017,1
18174,1
13153,1
15773,1
17936,1
16535,1
16988,1
15097,1
18015,1
16597,1
13790,1
14219,35
12367,1
17383,23
12478,1
15992,1
15318,1
17914,1
16528,1
12442,1
16569,1
12650,1
14578,1
16000,1
15195,1
14087,1
14204,1
15471,1
13436,18
15520,1
13298,25
14569,1
12713,1
